task_exe_completed,task_med_completed,task_read_completed,act_exe_num,act_med_num,act_read_num,act_exe_nununique,act_med_nununique,act_read_nununique,streak_current,streak_status
1,0,1,27,2,30,21,2,29,22,1
0,1,1,1,29,16,0,17,10,36,1
1,0,1,13,1,18,13,0,12,10,0
0,0,1,2,1,4,1,1,2,23,0
1,1,1,18,11,12,5,3,12,51,1
0,1,0,1,18,1,0,1,1,10,0
0,0,0,2,0,1,2,0,1,40,1
1,0,1,2,2,9,2,2,7,79,1
1,0,0,10,0,0,0,0,0,60,1
1,0,1,21,0,6,0,0,0,38,1
0,0,1,2,2,11,0,0,10,65,1
0,1,1,2,27,1,0,2,1,32,1
0,0,0,1,2,1,1,0,1,82,0
0,0,1,2,0,10,1,0,0,66,0
0,0,1,0,0,7,0,0,6,22,0
1,0,1,29,0,2,22,0,2,19,0
1,1,0,15,9,0,9,7,0,28,0
1,1,1,15,15,8,13,7,7,23,1
1,0,0,18,2,1,1,0,1,11,0
1,0,1,18,2,6,12,2,2,56,0
0,0,1,2,1,6,1,0,4,39,1
0,0,0,0,0,2,0,0,2,87,0
0,0,0,1,1,0,1,0,0,15,0
0,0,1,0,2,17,0,2,17,66,0
0,1,1,0,30,29,0,13,13,63,0
0,1,0,0,12,1,0,9,0,62,0
1,1,0,0,6,2,0,6,0,12,1
1,0,1,1,0,16,1,0,7,53,1
0,0,0,1,1,1,1,0,0,66,0
0,0,0,2,0,1,0,0,0,66,0
0,1,0,1,0,1,0,0,0,53,0
1,0,0,27,2,2,7,0,2,34,0
0,1,1,2,9,0,1,6,0,63,1
0,0,0,2,1,0,2,1,0,12,0
1,1,0,10,13,2,2,11,0,67,1
1,0,1,28,0,5,1,0,0,83,1
1,0,0,18,2,0,16,2,0,41,1
0,0,1,1,1,18,1,0,11,20,0
1,1,1,15,8,2,0,0,2,28,1
1,1,1,23,9,12,19,1,2,83,1
0,1,0,2,0,1,2,0,1,84,0
1,1,1,9,4,9,6,2,3,3,1
0,0,1,1,1,19,1,1,17,63,0
1,0,1,24,2,18,12,2,5,64,1
1,0,1,9,0,20,8,0,17,22,0
1,0,0,27,0,2,6,0,2,16,0
1,0,1,25,1,22,20,0,9,27,0
0,0,1,1,0,30,1,0,13,0,1
0,0,1,1,2,20,1,2,19,26,1
1,1,0,22,0,1,17,0,1,63,0
0,0,0,2,0,0,0,0,0,88,0
1,1,0,21,15,0,1,5,0,82,1
1,1,1,4,12,27,0,7,26,27,0
0,1,0,0,14,1,0,5,1,88,0
1,1,1,15,17,0,10,16,0,84,1
1,0,1,21,2,10,11,0,0,38,0
1,1,1,23,18,22,15,16,10,35,1
0,0,1,0,2,29,0,1,9,32,0
1,1,0,25,10,0,25,7,0,22,1
0,0,0,2,0,2,1,0,1,70,0
1,1,0,2,10,1,0,1,0,53,1
0,0,1,1,2,30,0,1,3,4,0
0,1,0,1,18,1,1,8,0,68,0
0,1,0,0,13,0,0,1,0,86,1
0,0,1,1,0,21,1,0,8,19,1
1,0,0,20,0,2,9,0,2,30,0
1,1,0,26,10,1,14,5,1,58,1
0,0,1,2,1,0,2,0,0,49,0
0,0,0,0,2,2,0,1,1,51,0
1,0,0,3,0,2,0,0,0,69,0
1,1,1,7,1,1,1,1,1,40,1
0,0,0,2,2,2,0,2,0,76,0
1,1,1,8,4,24,0,1,20,14,1
0,1,1,2,17,10,1,4,6,84,1
0,1,1,0,5,25,0,5,4,24,1
1,0,1,29,0,19,17,0,12,85,0
1,1,1,24,4,1,22,3,0,51,1
0,0,1,1,2,25,1,1,1,38,0
1,0,0,15,1,1,11,1,0,10,0
1,0,0,0,1,2,0,0,1,81,0
1,1,1,4,26,4,2,17,3,24,1
1,0,1,13,1,15,2,0,15,11,1
0,0,0,1,2,2,1,0,1,86,0
1,0,0,7,1,0,7,0,0,69,1
0,0,1,1,0,4,0,0,0,39,1
0,1,1,0,5,15,0,3,2,56,1
0,0,1,2,2,23,1,1,1,68,0
0,0,0,1,1,1,0,0,0,50,0
1,1,1,7,8,7,0,0,6,33,1
1,1,1,28,2,2,13,2,1,41,1
1,1,1,9,4,25,9,1,3,15,1
1,1,1,4,23,8,0,13,5,20,0
0,0,1,0,0,30,0,0,9,25,0
0,0,0,2,1,2,2,1,1,2,0
1,0,1,5,0,10,5,0,0,73,1
0,1,0,0,2,1,0,0,1,11,1
0,0,1,2,1,8,1,0,4,2,0
1,1,0,26,20,0,19,2,0,24,0
1,1,1,26,21,24,7,13,8,70,1
1,1,1,4,8,20,0,2,6,49,1
0,1,0,1,2,2,1,2,2,77,0
0,0,1,2,2,24,2,1,22,12,0
0,1,1,0,13,23,0,0,21,5,1
0,0,0,1,2,2,1,2,1,64,1
1,1,0,10,17,2,7,6,1,57,0
1,1,0,5,4,1,0,3,0,66,1
0,1,0,1,17,2,0,9,0,9,0
0,0,1,1,1,5,0,0,2,15,1
1,0,1,18,2,27,16,1,14,30,1
0,1,0,0,24,0,0,13,0,76,0
1,0,0,3,1,1,3,1,1,89,1
0,0,1,0,1,8,0,1,8,66,0
0,0,0,2,1,0,1,0,0,42,0
1,1,1,4,16,16,3,8,3,22,1
0,0,0,2,0,2,2,0,1,37,0
1,0,0,25,0,2,9,0,0,48,1
1,1,1,19,1,13,8,1,12,51,1
0,1,1,1,11,20,1,9,4,84,0
1,0,1,20,2,27,13,1,10,45,1
0,1,0,0,22,1,0,5,1,30,0
1,1,1,14,9,6,8,9,1,2,1
0,0,0,0,1,1,0,0,1,18,0
1,0,0,26,2,1,22,0,0,13,0
0,1,0,1,5,1,1,0,1,5,1
1,1,0,10,15,2,6,15,1,54,1
1,1,0,0,10,1,0,7,1,35,0
0,0,0,2,1,1,2,1,1,11,1
0,0,1,0,1,29,0,1,25,61,0
1,1,1,28,25,3,23,15,0,88,1
0,0,1,2,2,23,1,0,17,37,1
0,0,0,2,0,0,2,0,0,4,0
1,0,0,1,1,1,0,1,0,38,0
1,1,0,5,25,0,5,6,0,67,1
0,0,0,0,0,1,0,0,0,55,0
1,1,0,9,20,0,9,16,0,77,0
1,0,1,4,0,24,0,0,21,32,1
1,0,0,25,0,2,10,0,2,88,0
0,1,1,0,27,25,0,23,0,41,0
0,1,1,0,14,20,0,3,0,61,1
0,1,0,2,26,1,1,2,1,18,1
0,1,0,2,5,0,2,2,0,73,0
0,0,1,2,1,11,2,1,9,3,0
0,0,1,1,2,28,0,0,1,37,0
0,1,1,0,2,6,0,1,5,81,1
0,1,1,1,21,29,1,8,23,79,1
0,1,0,2,29,1,2,11,0,24,0
0,0,1,1,0,11,1,0,9,77,1
0,1,1,0,0,10,0,0,0,10,0
1,0,0,4,1,1,3,1,0,33,0
1,1,1,29,13,8,24,13,6,58,1
1,0,0,10,0,1,2,0,0,66,0
0,0,0,2,1,2,1,1,2,25,0
0,1,0,1,22,1,1,3,1,24,0
0,0,0,2,0,1,1,0,1,6,0
0,1,1,1,10,5,0,3,0,36,1
1,0,0,1,0,2,0,0,1,38,0
0,0,1,1,1,1,1,0,1,11,0
0,0,1,2,2,24,2,2,22,28,0
0,1,0,1,26,0,1,19,0,74,0
1,0,1,0,0,30,0,0,9,34,1
1,1,0,12,24,0,1,24,0,15,0
1,0,1,10,2,18,4,2,9,89,1
1,1,1,19,21,8,1,18,7,65,1
0,0,0,0,2,0,0,2,0,3,0
0,0,1,0,2,19,0,2,3,56,0
0,0,1,2,2,4,1,2,4,59,0
0,0,1,2,1,14,1,0,0,62,1
1,1,0,12,2,2,4,0,2,30,0
0,0,1,2,2,25,0,0,15,51,0
1,1,0,24,24,0,6,18,0,37,1
0,0,1,0,0,12,0,0,12,21,0
0,0,0,0,1,1,0,1,0,23,0
0,1,0,1,30,0,0,27,0,77,0
0,1,0,2,25,0,0,11,0,48,0
1,1,0,29,22,1,10,11,0,56,1
1,0,0,3,2,1,3,1,1,79,0
0,0,0,0,2,1,0,2,0,13,0
0,0,1,0,0,30,0,0,23,51,0
0,0,1,2,1,18,2,0,11,82,0
1,0,1,20,1,16,8,0,3,20,1
1,0,1,12,2,8,4,1,8,57,0
0,0,1,2,2,28,1,1,9,0,1
0,0,1,0,2,1,0,1,1,14,1
0,0,1,0,1,24,0,1,12,15,0
1,0,0,21,0,0,0,0,0,68,1
1,1,0,1,7,2,0,6,2,59,0
1,0,0,30,1,1,8,0,0,54,1
1,1,1,26,4,23,19,3,8,58,1
0,1,0,0,29,2,0,17,2,80,1
0,1,1,0,18,7,0,14,1,8,1
1,0,0,27,2,1,4,1,0,13,0
1,1,0,25,13,1,0,10,1,42,0
1,1,0,20,26,2,4,23,1,4,1
1,1,1,25,4,4,4,2,0,29,1
1,1,1,24,29,13,20,13,4,52,1
1,0,1,9,0,20,9,0,12,10,1
1,1,0,17,16,2,2,13,1,66,1
0,1,1,0,4,4,0,4,3,5,0
1,1,1,24,10,28,5,10,3,60,1
0,1,0,1,28,1,1,27,0,4,1
0,0,1,2,0,6,1,0,4,72,0
0,0,1,0,1,26,0,0,22,68,1
1,1,0,6,19,0,3,13,0,27,1
0,1,1,2,9,18,2,3,4,60,1
0,1,1,1,25,27,0,10,16,67,1
0,1,0,1,29,2,1,26,2,68,0
1,1,0,28,17,2,24,1,0,53,1
0,0,0,2,0,0,0,0,0,33,0
1,1,1,4,15,15,3,7,4,49,1
1,1,1,10,6,30,9,2,6,74,1
1,1,0,4,25,0,2,13,0,81,1
0,1,1,2,10,9,0,1,1,10,1
1,1,0,1,30,0,1,10,0,18,0
1,1,1,19,19,25,4,4,22,87,1
0,1,0,2,15,2,2,7,0,3,0
0,1,1,1,21,22,1,0,4,86,1
1,1,0,8,1,2,1,0,2,85,1
1,1,1,14,17,27,8,14,13,61,1
1,0,0,3,0,2,3,0,2,65,1
1,0,0,6,0,0,0,0,0,45,0
0,0,1,0,1,2,0,1,2,41,0
0,0,1,0,2,30,0,2,9,68,1
0,1,1,2,15,16,2,0,2,14,1
0,0,0,1,1,2,0,0,1,38,0
0,0,0,0,0,1,0,0,0,36,0
0,1,0,2,0,0,2,0,0,81,0
1,1,0,9,15,2,2,12,2,48,0
1,1,0,4,20,0,3,18,0,39,1
0,0,0,2,1,1,2,0,1,12,1
0,1,1,2,9,14,1,5,2,82,1
1,1,1,7,14,0,7,9,0,53,1
0,0,1,2,1,24,0,1,5,76,0
0,0,0,1,0,1,1,0,0,48,0
1,1,1,5,16,15,4,11,8,63,1
1,0,1,18,2,14,17,1,12,84,0
0,1,0,2,19,0,0,14,0,2,0
0,0,0,1,2,2,1,1,2,27,0
1,0,0,16,1,2,1,1,1,49,1
0,1,1,1,24,4,0,1,0,4,0
0,0,0,2,1,2,1,0,2,88,0
0,1,0,1,3,1,1,1,1,9,0
0,0,0,0,0,1,0,0,0,33,1
1,0,1,13,0,2,10,0,1,88,1
0,1,0,1,28,0,0,26,0,72,0
1,1,0,26,3,1,7,2,0,52,0
0,0,1,2,0,26,1,0,13,41,0
1,0,0,26,1,2,23,0,2,8,0
0,0,0,2,1,1,2,1,1,32,0
1,1,1,27,4,22,17,0,10,49,1
1,1,1,19,21,16,13,18,12,79,0
0,0,0,1,2,0,0,0,0,2,0
0,1,1,1,23,22,0,9,7,57,0
1,0,1,24,2,22,1,1,12,39,1
1,1,0,17,15,1,7,7,0,68,1
1,0,0,1,0,2,1,0,1,61,0
1,1,0,19,14,0,11,1,0,22,0
1,1,1,16,22,28,9,20,19,13,1
1,0,0,8,1,0,5,1,0,39,1
0,0,0,2,2,0,0,2,0,68,1
0,1,1,1,16,7,1,0,4,50,0
1,1,1,10,11,24,3,6,10,55,1
0,0,1,2,1,15,0,0,11,53,1
0,0,0,1,1,2,0,1,1,70,0
1,1,0,26,3,1,0,2,0,22,0
1,0,1,25,0,11,11,0,9,2,0
1,1,1,20,27,21,9,22,12,18,0
0,0,0,0,0,2,0,0,2,74,0
1,0,1,24,0,21,14,0,0,53,1
1,0,1,14,0,12,2,0,0,32,1
1,1,0,27,21,0,11,8,0,49,1
1,1,0,1,0,0,1,0,0,3,0
1,0,0,13,2,0,10,2,0,21,1
1,0,1,10,0,25,4,0,19,27,1
0,1,1,2,29,24,0,4,14,64,0
0,0,0,0,1,0,0,0,0,5,0
0,0,1,2,2,14,0,2,9,37,0
1,1,1,20,6,16,10,4,5,28,1
0,0,1,1,2,3,0,0,3,20,0
0,1,0,2,23,1,1,6,1,80,0
0,1,0,2,27,1,0,21,0,79,1
1,1,1,16,6,13,5,4,7,87,1
0,0,1,1,1,13,1,0,4,87,0
1,0,1,25,1,5,17,0,5,25,0
0,1,0,1,5,2,0,2,2,33,0
0,1,1,2,25,24,0,14,19,21,0
0,1,0,2,16,0,2,6,0,88,0
1,1,0,15,0,2,13,0,1,7,0
0,1,1,0,0,22,0,0,17,52,1
0,1,0,2,1,0,0,0,0,51,1
0,0,0,2,2,0,0,0,0,45,0
0,1,0,0,0,2,0,0,2,68,1
0,1,0,2,12,2,1,6,2,86,0
0,0,0,2,0,1,2,0,1,32,0
0,0,0,2,1,2,2,0,2,18,0
1,0,0,15,2,1,6,0,0,29,0
0,0,1,2,1,20,1,0,6,24,0
1,0,0,21,0,2,1,0,2,17,0
0,0,1,0,1,15,0,1,2,50,1
0,1,1,2,5,27,1,2,3,71,1
0,0,1,0,0,16,0,0,9,39,0
0,0,1,0,0,8,0,0,4,22,0
1,0,1,4,1,13,1,1,4,64,0
0,1,0,2,27,2,0,1,1,68,0
0,0,0,0,0,1,0,0,0,84,0
1,0,0,18,2,2,16,0,2,22,0
0,0,1,2,2,13,0,1,6,18,0
1,1,0,17,21,2,7,15,2,16,0
0,1,0,1,0,1,1,0,0,79,1
0,1,1,1,3,22,1,3,4,2,0
0,1,1,0,29,2,0,19,1,0,1
0,0,0,1,1,2,0,0,0,41,0
0,1,1,0,6,1,0,4,0,72,0
1,0,0,23,0,0,12,0,0,84,0
0,0,1,0,1,12,0,1,2,88,1
0,1,0,2,16,2,0,1,2,45,0
0,1,0,0,4,1,0,4,1,4,1
0,0,1,0,2,30,0,2,5,44,1
0,1,1,2,2,4,2,1,1,1,1
0,0,0,1,2,1,1,0,0,58,0
1,0,1,17,2,6,3,1,4,73,0
1,1,0,18,28,0,18,15,0,67,0
1,1,1,1,22,28,1,11,5,44,1
1,0,0,28,1,1,6,1,1,70,1
0,1,0,1,14,1,0,12,1,81,0
0,1,1,2,13,1,2,6,1,2,0
1,1,1,17,0,8,7,0,0,6,1
0,1,1,1,18,28,1,6,16,40,1
0,0,1,0,2,26,0,0,0,23,0
0,0,0,2,0,1,2,0,1,78,0
1,1,1,29,29,30,22,2,20,24,1
1,1,0,30,2,0,5,2,0,66,1
1,1,0,21,9,0,12,3,0,77,0
0,1,1,1,14,6,0,6,6,67,1
1,0,0,30,0,1,21,0,0,85,0
1,0,0,26,0,2,17,0,2,50,1
1,0,0,27,0,0,27,0,0,65,1
1,0,1,29,1,6,23,1,6,0,1
1,1,1,3,27,12,2,8,8,84,1
1,1,0,8,11,2,5,4,2,7,0
1,0,0,16,0,0,4,0,0,2,0
0,1,1,2,2,18,2,2,8,71,1
1,0,0,1,2,2,1,0,1,59,0
1,0,0,30,2,1,7,0,1,47,1
1,1,1,9,25,28,5,12,24,32,1
1,0,0,12,2,1,8,1,0,8,0
1,1,1,1,27,24,1,15,18,2,1
0,1,0,1,11,2,1,7,2,55,0
1,1,0,0,29,1,0,2,1,62,0
0,1,1,0,27,14,0,14,1,1,1
1,1,1,28,12,28,8,3,25,79,1
1,0,0,20,2,0,10,2,0,58,1
1,1,0,5,9,2,2,5,0,18,1
1,1,0,30,7,0,0,6,0,34,0
1,1,0,29,7,0,0,0,0,30,1
1,0,0,21,0,0,17,0,0,61,0
1,1,0,16,30,0,5,7,0,15,0
0,0,0,1,1,1,0,1,0,59,0
0,1,1,2,6,25,2,6,9,14,1
0,1,0,2,11,0,0,11,0,38,1
1,1,1,21,7,1,13,7,0,50,1
1,0,1,25,0,8,6,0,8,60,0
0,0,1,1,2,5,0,2,1,50,0
1,0,1,17,1,17,7,0,15,17,1
0,1,1,0,16,20,0,2,2,35,1
1,1,0,0,21,1,0,1,0,27,1
0,0,1,2,2,16,1,2,10,60,0
1,0,0,10,1,0,7,0,0,58,1
0,1,0,0,8,0,0,6,0,30,0
0,0,0,2,2,1,2,2,1,77,0
1,1,0,30,23,2,28,10,2,47,1
1,0,0,29,2,2,14,2,1,23,0
0,1,0,2,5,1,2,0,1,59,0
0,1,0,0,7,0,0,5,0,51,0
1,0,0,28,1,1,7,0,1,13,1
0,1,1,0,15,14,0,12,2,86,1
1,0,1,5,1,20,4,0,6,26,1
0,1,0,0,19,0,0,19,0,75,1
0,0,1,1,2,25,0,0,16,3,1
0,0,0,2,1,2,0,1,2,70,0
1,0,1,30,2,14,7,1,11,77,0
1,1,0,15,12,2,12,4,2,6,1
1,1,1,14,4,29,7,0,8,43,1
1,0,1,13,0,11,2,0,1,51,1
1,0,0,9,1,1,7,0,0,70,0
1,0,1,1,2,4,0,0,1,67,0
1,0,0,11,1,2,4,0,2,86,0
0,1,1,0,20,28,0,18,25,44,1
0,1,0,0,14,1,0,9,1,52,0
0,1,1,1,23,19,1,16,2,44,1
1,0,0,13,0,0,8,0,0,53,0
0,0,0,0,1,1,0,1,0,10,0
1,0,1,28,0,0,22,0,0,30,0
0,0,0,0,2,2,0,2,2,49,0
1,0,1,2,0,3,1,0,1,4,1
1,0,1,18,2,17,16,2,3,47,0
1,0,0,11,1,1,11,1,0,4,0
1,1,0,14,5,2,3,3,2,61,1
0,0,1,1,1,14,0,1,1,81,0
0,1,1,2,0,25,1,0,25,72,1
1,0,0,15,0,0,0,0,0,10,0
0,1,1,0,10,18,0,2,7,4,0
1,1,0,19,22,2,9,20,2,37,1
1,1,1,8,20,1,0,9,1,67,1
1,0,0,15,1,0,12,1,0,42,1
1,1,0,21,14,0,11,9,0,55,0
0,1,1,2,6,6,2,1,1,1,1
1,0,1,3,2,24,1,0,19,26,1
0,0,1,1,1,20,1,0,2,63,0
1,1,0,20,16,0,5,16,0,12,1
0,1,0,1,28,1,1,9,1,66,0
1,0,1,25,2,19,23,1,14,45,0
0,1,0,2,12,0,1,8,0,84,1
1,1,0,14,14,2,6,4,1,43,1
1,0,1,27,2,13,10,1,7,39,1
0,0,1,2,0,10,0,0,6,11,1
1,1,0,25,22,2,4,7,1,9,0
1,0,1,12,2,9,9,0,8,39,0
1,1,0,25,6,1,14,1,0,24,1
0,1,1,1,30,1,1,16,0,88,1
1,1,1,2,28,28,1,7,4,37,1
1,0,0,30,1,2,3,1,0,19,0
1,1,0,22,12,0,1,12,0,82,0
1,1,0,19,28,1,9,18,1,15,1
0,0,0,1,1,0,1,1,0,72,0
1,0,1,24,2,19,2,1,10,83,1
1,0,0,22,1,2,0,0,1,23,0
0,1,1,2,6,4,0,0,4,78,1
0,0,0,2,0,1,2,0,0,53,0
1,0,1,23,0,16,1,0,15,60,1
0,0,0,2,2,1,1,2,0,43,0
1,0,0,28,1,1,4,0,0,60,1
0,1,1,2,1,16,1,0,13,63,1
1,1,1,17,28,30,0,13,7,42,0
0,1,1,1,12,24,0,6,6,50,0
1,1,1,15,16,29,2,2,2,71,1
0,1,1,1,18,28,1,6,25,59,1
1,0,0,28,1,2,13,1,1,11,0
1,1,0,11,28,0,5,14,0,77,1
1,0,0,27,2,1,18,2,1,51,0
0,0,0,1,0,1,1,0,1,5,0
1,1,0,29,26,0,28,10,0,63,1
0,1,1,1,16,22,0,4,16,47,1
1,0,1,21,2,22,13,0,5,51,1
0,1,0,2,5,1,0,1,1,82,0
1,1,0,12,8,2,4,2,2,62,1
1,0,1,15,1,9,8,0,8,66,1
0,1,0,2,29,2,0,29,1,65,0
0,0,1,1,2,12,0,2,2,69,0
0,1,1,1,14,1,1,13,1,32,1
0,0,1,2,0,3,2,0,2,37,0
1,0,1,5,0,19,4,0,19,52,0
0,1,1,2,6,21,0,2,4,21,1
0,0,0,2,0,0,1,0,0,27,0
1,0,0,6,1,0,5,1,0,65,0
0,1,1,1,8,19,1,8,7,3,1
0,0,0,1,1,0,0,1,0,53,0
0,0,1,0,2,29,0,0,19,81,1
1,1,0,18,26,1,18,15,1,64,0
1,1,0,0,15,2,0,11,0,69,0
0,1,0,1,5,0,0,5,0,24,0
1,1,1,0,19,24,0,8,16,82,1
0,1,0,2,5,2,2,4,1,72,0
1,1,1,11,21,25,1,10,0,48,1
0,0,1,0,2,7,0,0,1,14,0
1,0,0,25,1,2,7,1,1,24,0
0,0,0,0,2,0,0,2,0,38,0
1,0,0,28,2,0,18,2,0,21,1
1,0,1,21,0,12,21,0,7,49,1
1,0,1,27,1,15,20,1,13,59,1
1,0,1,17,1,5,3,0,2,32,0
0,0,1,1,0,28,0,0,20,32,1
1,1,0,30,5,1,18,0,0,59,1
0,1,1,2,10,9,1,1,1,38,1
0,0,0,2,1,2,2,0,2,62,0
1,1,1,3,13,30,0,13,4,59,1
1,1,1,9,8,19,0,6,7,28,1
1,0,0,2,1,1,1,0,0,2,0
1,1,1,8,17,27,6,0,0,16,1
0,0,1,0,0,21,0,0,18,65,0
1,0,1,4,2,27,0,2,23,28,1
1,1,0,25,6,0,12,0,0,64,1
1,1,1,9,13,16,8,5,2,0,1
0,0,0,2,2,0,1,2,0,76,0
0,0,1,2,0,28,0,0,26,36,0
0,0,1,2,1,11,2,0,9,68,0
0,1,0,0,18,1,0,2,0,25,0
0,1,1,1,17,7,0,11,0,15,0
0,1,1,1,18,1,1,2,0,67,1
1,0,1,3,0,17,1,0,15,37,1
1,1,1,22,7,10,21,3,0,44,1
0,0,1,2,2,20,0,0,11,58,0
0,0,0,1,2,2,1,1,0,19,0
1,0,1,11,0,29,0,0,2,87,1
1,0,1,20,1,1,7,0,0,42,1
0,1,1,0,1,30,0,0,4,80,1
0,0,1,0,1,5,0,1,1,53,0
0,1,0,1,7,1,0,7,0,55,0
0,0,1,2,0,20,1,0,10,13,1
0,1,0,1,10,0,0,0,0,29,1
1,1,0,21,25,0,7,25,0,32,1
0,0,0,2,2,0,2,2,0,37,0
1,1,1,17,1,8,10,1,7,27,1
0,1,0,1,17,2,1,13,1,22,0
0,1,0,2,23,2,2,9,0,41,0
1,0,1,3,1,7,1,0,7,38,1
0,0,0,2,1,1,2,1,1,59,0
1,1,1,0,8,10,0,2,1,17,1
0,0,1,0,0,10,0,0,5,9,1
1,1,1,24,19,12,7,2,0,66,1
1,0,1,16,2,8,0,1,4,60,1
0,1,1,0,21,25,0,17,2,44,1
1,1,0,24,19,1,5,15,1,29,1
0,0,0,1,1,0,1,0,0,40,0
1,0,0,23,2,0,15,1,0,86,0
0,1,1,1,11,4,1,7,2,56,1
1,1,0,1,26,0,1,16,0,9,0
0,0,1,0,2,25,0,1,1,65,0
1,1,1,6,25,17,0,21,5,27,1
1,0,1,24,2,12,1,2,0,35,1
1,1,0,19,0,2,5,0,0,35,1
0,1,1,2,30,24,0,26,23,72,1
0,1,0,1,17,1,0,1,0,45,0
0,0,0,2,1,0,0,1,0,5,1
1,0,0,24,2,0,11,0,0,36,0
0,1,0,2,25,1,1,5,0,14,0
1,0,0,11,2,0,7,1,0,32,0
1,1,1,12,8,18,6,4,13,38,1
0,0,1,1,2,22,0,0,8,72,1
1,0,0,1,1,2,0,0,1,72,0
1,0,1,30,0,18,11,0,5,36,0
1,0,1,24,2,27,14,0,22,24,1
0,0,0,1,2,0,0,2,0,54,0
0,1,1,0,25,12,0,25,3,29,0
0,1,1,0,19,14,0,18,12,81,0
0,1,1,0,8,28,0,3,14,55,1
0,1,0,0,21,2,0,3,1,85,1
0,1,1,2,28,30,1,5,6,30,0
0,1,1,1,9,29,0,0,2,9,1
1,0,1,7,0,25,1,0,17,50,1
1,0,0,19,1,0,6,1,0,83,0
0,1,0,0,10,2,0,2,1,28,1
1,1,0,11,11,0,4,0,0,32,1
0,0,0,1,2,2,0,1,1,12,0
1,1,1,14,13,22,5,10,9,87,1
0,1,0,1,23,2,1,2,0,75,0
1,1,0,15,14,0,3,2,0,21,1
1,1,1,8,17,28,2,5,2,32,1
0,1,1,0,28,5,0,26,2,78,0
1,1,1,5,23,0,5,16,0,75,1
1,0,1,16,1,16,5,1,11,83,1
1,0,1,24,1,29,2,0,7,65,1
0,1,0,0,20,1,0,11,0,36,0
1,1,0,25,28,0,9,7,0,62,1
1,0,0,14,2,2,3,0,1,40,0
1,1,1,18,25,8,11,9,4,56,1
0,1,1,1,19,6,0,7,0,86,0
1,1,1,15,21,15,14,19,6,56,1
1,1,1,12,10,21,2,1,12,73,1
1,1,1,29,25,7,23,1,7,52,1
1,1,1,5,5,22,3,0,16,46,1
0,1,0,0,24,1,0,8,0,67,0
0,0,0,1,1,0,1,1,0,1,0
1,1,1,21,12,21,7,12,2,42,1
0,0,0,1,1,2,1,0,1,72,0
0,1,1,1,5,1,1,0,1,87,1
0,0,1,1,0,15,0,0,6,16,1
1,1,0,22,15,0,3,7,0,67,0
1,1,0,19,2,0,0,2,0,64,1
1,1,1,8,24,2,2,21,2,53,1
1,0,1,27,2,16,13,1,16,7,1
0,0,0,2,2,2,1,1,0,37,0
1,0,1,6,0,17,4,0,8,80,1
0,0,0,2,1,0,0,1,0,39,0
0,0,1,1,1,1,0,1,1,32,0
1,0,1,22,0,19,5,0,8,20,1
1,0,0,10,2,1,8,1,0,54,1
1,1,1,30,13,14,7,13,14,59,1
0,0,1,1,0,7,0,0,2,79,1
0,1,1,1,4,27,0,1,0,55,0
1,0,0,29,2,2,29,0,0,44,0
0,1,1,1,9,22,0,1,18,44,1
1,1,1,18,5,6,4,3,0,2,0
0,1,0,1,19,2,1,18,2,89,0
0,1,0,0,6,0,0,0,0,76,1
0,0,0,0,1,2,0,0,1,89,0
1,1,0,18,24,0,12,23,0,8,1
0,0,0,0,2,0,0,0,0,28,0
1,0,0,22,0,2,19,0,2,52,0
1,1,1,24,22,16,8,20,5,21,1
0,1,0,2,14,0,0,3,0,51,0
1,0,1,22,0,14,20,0,4,43,1
1,0,1,23,0,25,15,0,10,1,1
0,1,0,0,13,1,0,10,0,13,0
0,0,1,0,1,18,0,1,14,33,0
0,0,1,2,2,16,1,0,1,82,1
1,1,0,6,15,2,0,13,1,54,1
1,0,1,28,1,16,16,1,4,48,1
0,0,1,0,0,27,0,0,10,40,0
1,1,0,21,21,1,18,2,0,22,1
0,0,0,1,0,0,1,0,0,11,0
1,1,1,0,21,20,0,10,8,4,1
0,0,0,0,2,0,0,2,0,13,0
1,0,1,12,0,28,4,0,22,62,0
0,0,0,2,2,1,1,1,0,1,0
1,0,1,17,0,20,9,0,10,35,1
1,1,1,8,30,7,2,13,6,4,1
1,0,1,5,1,19,5,0,15,63,0
1,1,1,25,19,20,10,19,3,56,0
0,1,1,0,15,27,0,12,11,17,1
0,1,0,0,8,2,0,8,2,74,1
1,1,1,11,2,21,7,2,12,79,1
0,1,0,2,14,0,2,11,0,42,1
0,0,0,2,0,1,0,0,1,68,0
0,0,0,2,1,1,1,1,1,66,0
1,1,1,16,0,30,11,0,26,63,1
0,1,1,1,29,27,1,13,1,75,1
0,1,1,0,1,18,0,0,18,8,1
0,1,0,2,14,2,1,9,1,45,1
0,0,0,1,1,1,1,1,1,87,0
1,1,1,4,17,11,0,4,5,72,1
1,1,1,28,30,27,0,13,24,22,1
1,1,1,25,7,19,23,7,17,50,1
0,1,0,1,13,1,1,2,0,30,0
1,0,1,13,2,23,9,2,15,66,1
1,0,1,22,0,22,22,0,8,22,0
1,1,0,23,18,1,16,11,0,16,0
0,1,0,0,8,2,0,6,0,52,0
1,0,0,27,2,1,3,2,1,64,1
1,0,1,12,0,3,7,0,1,50,1
1,0,1,24,0,14,4,0,11,25,1
0,1,1,2,2,23,0,0,22,79,1
0,1,0,0,3,2,0,0,0,48,1
0,0,1,2,1,17,1,0,5,44,0
0,1,0,0,18,2,0,1,2,80,1
1,0,1,29,2,24,26,1,8,86,1
1,1,1,4,10,20,3,1,6,16,0
0,1,0,0,22,1,0,0,0,22,1
0,1,1,0,16,26,0,3,14,73,1
0,1,0,0,16,1,0,1,1,77,0
0,0,1,1,0,27,1,0,2,57,0
1,0,1,0,0,23,0,0,3,85,1
0,1,1,2,19,7,1,14,1,37,1
0,0,0,0,0,2,0,0,0,89,0
1,0,0,14,2,2,3,1,2,22,0
0,1,0,1,9,2,1,2,2,48,0
0,1,1,1,27,25,1,12,17,87,0
1,1,1,8,22,27,5,20,9,53,0
1,1,1,12,23,8,4,3,1,82,1
1,1,0,29,13,0,5,1,0,88,1
0,0,0,2,2,1,0,1,0,39,0
1,0,1,0,1,14,0,1,0,43,1
0,1,1,0,12,6,0,12,4,12,0
0,0,1,2,1,22,2,0,1,83,0
1,1,0,5,16,2,5,12,1,8,1
1,0,0,5,1,2,1,0,0,86,0
0,0,1,0,2,12,0,2,2,11,0
1,1,0,25,30,2,4,5,2,76,1
0,0,1,2,1,15,1,1,3,65,1
0,1,1,1,20,25,1,11,12,16,1
0,1,0,1,21,0,1,12,0,81,0
1,1,0,7,18,2,5,0,0,50,1
1,1,1,25,11,3,2,2,2,78,1
0,0,1,1,2,5,0,1,1,40,1
0,1,1,1,24,14,1,2,0,47,1
1,1,0,16,11,1,7,1,0,23,1
0,0,0,0,0,0,0,0,0,8,0
1,1,0,5,18,0,2,6,0,0,1
0,0,1,2,1,25,2,1,15,14,1
1,0,1,9,0,27,7,0,12,12,0
0,0,0,2,1,1,0,0,1,17,0
1,1,0,8,6,0,2,2,0,86,0
0,0,1,1,1,23,1,0,15,1,1
0,1,0,0,23,0,0,4,0,23,0
1,1,1,4,23,6,1,14,2,68,1
0,1,0,1,25,1,0,6,0,33,1
1,1,0,14,12,0,2,5,0,44,0
1,0,1,28,2,22,25,1,17,44,1
0,1,1,1,25,27,1,18,4,35,1
1,1,1,6,28,23,5,4,4,1,1
1,0,1,10,1,5,6,1,5,64,1
0,0,0,1,1,1,1,1,0,88,0
1,1,0,6,15,1,1,2,0,6,1
1,1,1,28,30,29,26,28,9,60,1
1,1,1,12,0,10,2,0,1,26,1
0,1,0,2,8,1,1,0,1,37,0
0,1,0,2,1,1,2,1,1,42,0
1,0,0,25,2,0,22,0,0,86,0
0,1,1,1,22,17,0,21,2,80,1
1,1,0,18,29,1,10,19,0,8,1
0,1,1,0,12,3,0,11,1,35,1
0,1,1,0,8,9,0,0,9,35,0
0,1,0,1,3,0,0,0,0,70,0
0,0,1,2,2,20,1,0,13,56,0
0,0,1,0,1,29,0,0,27,89,1
0,0,1,1,1,1,1,0,1,21,0
0,1,1,2,17,22,2,0,11,29,0
0,0,0,2,0,0,2,0,0,68,0
1,0,1,4,0,1,4,0,0,76,1
0,0,0,0,0,2,0,0,1,59,0
1,1,1,4,30,16,2,28,10,67,1
1,0,0,19,1,1,4,0,1,67,1
0,1,0,2,28,1,2,3,0,20,0
1,1,0,20,7,1,5,7,0,71,1
1,0,0,30,2,2,19,1,1,35,0
1,0,0,17,1,0,4,0,0,63,0
1,1,1,20,29,22,7,16,12,42,1
0,0,0,1,2,2,1,1,2,38,0
0,1,1,1,28,1,0,6,0,13,1
1,0,0,23,2,0,4,0,0,25,1
0,1,1,0,14,7,0,2,3,5,1
0,0,0,2,0,2,2,0,2,3,0
0,1,0,1,13,0,0,10,0,56,0
0,0,0,0,0,1,0,0,0,62,0
1,1,0,26,7,2,10,3,1,11,1
1,1,1,19,30,2,16,19,0,45,1
0,1,1,1,25,19,0,16,0,50,1
0,1,0,0,25,0,0,5,0,61,0
0,0,1,1,0,1,0,0,1,72,0
1,0,1,12,1,23,4,1,10,61,1
1,0,0,23,2,1,17,1,0,80,0
1,0,0,7,1,0,2,1,0,61,0
1,0,1,24,2,25,18,2,3,13,1
0,1,0,1,30,2,1,21,1,57,0
0,1,0,0,22,1,0,15,0,85,0
1,0,1,30,2,11,29,1,7,59,1
1,0,0,17,1,1,10,0,1,33,0
1,0,0,19,1,2,5,0,1,54,1
1,1,0,3,0,0,1,0,0,49,1
1,1,0,23,30,0,11,13,0,67,0
1,0,0,5,1,1,2,1,1,89,1
1,0,0,26,1,1,20,1,1,8,0
0,0,0,1,2,0,0,0,0,11,0
0,0,1,2,1,5,0,0,0,64,0
0,0,0,2,1,2,2,1,1,58,0
1,1,1,24,13,16,6,3,0,73,1
1,1,1,27,30,18,25,20,18,19,1
0,0,0,0,0,1,0,0,1,45,0
1,1,1,27,5,12,3,2,12,18,1
0,1,1,1,7,21,1,3,14,18,1
0,0,0,0,1,2,0,1,1,70,0
0,0,1,1,1,21,1,1,21,79,0
0,0,1,1,0,22,1,0,17,39,0
0,1,1,2,0,9,0,0,4,85,1
1,0,1,26,2,8,11,1,4,79,0
0,1,1,1,15,18,0,6,9,47,1
1,1,0,22,20,1,8,1,1,81,1
1,0,1,5,0,11,4,0,11,43,1
0,1,1,0,20,15,0,0,7,32,1
0,0,0,2,2,0,2,1,0,73,0
1,1,1,16,12,14,15,0,12,0,1
1,0,0,26,0,2,12,0,0,75,1
0,1,1,2,2,29,1,0,24,44,1
1,1,1,5,18,4,4,3,3,76,1
1,1,0,3,23,0,1,12,0,32,1
0,1,0,0,17,2,0,15,0,47,1
0,0,0,2,0,1,2,0,0,60,0
1,0,1,15,1,9,14,0,6,36,1
0,1,1,2,29,21,2,6,13,43,1
1,0,0,30,0,2,15,0,1,78,0
0,0,1,2,1,23,2,1,19,28,0
0,1,1,0,22,3,0,21,2,78,0
1,0,0,4,1,2,0,0,2,86,0
1,0,0,8,0,1,7,0,0,17,0
0,0,0,2,1,2,1,1,1,30,0
1,1,1,8,7,11,6,5,10,34,1
1,1,1,21,27,30,1,8,7,14,1
0,0,1,1,0,10,0,0,8,56,1
0,1,0,0,0,2,0,0,1,11,0
1,0,1,18,2,30,3,2,24,4,1
0,1,0,0,7,0,0,1,0,70,0
1,0,0,17,0,1,15,0,0,77,0
0,1,0,2,23,1,1,18,1,40,0
1,1,0,4,7,1,4,1,0,30,1
1,1,0,23,14,2,20,10,2,15,1
0,1,1,2,16,16,2,11,4,51,1
0,1,1,0,15,15,0,4,8,88,1
0,0,0,1,2,1,1,1,0,8,1
1,0,1,27,0,19,19,0,2,18,1
1,0,1,14,1,3,8,1,3,77,1
0,1,1,0,3,27,0,2,4,60,0
0,0,1,2,1,26,1,1,19,64,0
0,0,0,0,2,1,0,2,1,50,0
0,0,1,0,2,23,0,1,1,84,0
1,1,1,16,29,1,0,26,0,66,1
1,0,1,7,2,26,5,0,23,81,1
1,0,1,8,1,7,5,0,0,55,1
1,0,1,25,2,0,0,2,0,62,1
0,1,0,0,25,2,0,25,2,2,0
1,1,0,6,7,1,3,0,0,19,1
1,0,1,25,0,7,12,0,3,41,1
1,0,0,27,1,2,24,1,2,81,0
1,0,1,8,0,24,3,0,6,43,0
1,1,0,5,14,0,4,0,0,18,1
1,1,0,9,13,0,6,9,0,85,1
1,1,0,10,12,0,0,8,0,75,0
1,0,1,21,0,29,2,0,21,31,0
1,0,1,10,1,3,5,0,2,4,1
1,0,0,0,2,0,0,2,0,68,1
1,0,0,16,2,1,15,2,1,43,1
1,0,0,26,0,0,1,0,0,21,0
1,0,1,10,1,24,4,1,16,25,1
0,1,0,2,20,1,1,15,0,85,0
0,0,1,2,2,1,2,0,1,10,0
1,0,1,30,2,12,2,1,6,62,1
1,0,0,3,1,2,1,0,0,49,1
0,0,0,1,0,1,1,0,1,52,0
1,1,0,12,20,0,0,20,0,9,1
1,1,0,18,1,2,16,1,1,19,1
0,0,1,0,0,30,0,0,5,27,0
0,1,1,2,14,3,0,13,1,26,1
1,0,1,25,2,7,0,2,5,83,1
1,1,0,14,30,0,5,23,0,30,1
0,0,0,2,2,0,2,2,0,62,0
1,1,0,1,29,0,1,16,0,71,1
1,0,0,12,2,1,1,2,1,6,0
0,0,1,2,1,22,1,0,14,37,0
0,0,1,1,0,18,1,0,17,21,0
1,0,1,0,2,24,0,2,15,3,1
1,1,1,27,1,25,3,0,11,41,1
1,1,0,10,12,1,7,6,0,8,1
0,0,0,0,0,1,0,0,1,83,0
0,0,0,2,1,2,2,0,2,29,0
1,1,1,29,25,15,27,23,14,35,1
1,0,0,21,2,2,6,1,0,8,0
0,0,0,0,1,1,0,0,0,52,0
0,1,1,1,22,4,1,14,1,58,1
0,0,0,0,0,0,0,0,0,36,0
0,1,0,0,13,2,0,3,0,66,0
0,1,0,1,30,1,0,15,1,71,1
1,0,1,14,0,20,8,0,7,4,1
0,0,0,2,2,1,0,1,0,46,1
0,1,1,2,14,1,2,13,1,76,1
1,1,0,26,8,1,18,5,0,53,1
0,0,1,1,2,4,1,0,4,80,1
0,0,1,2,1,20,0,0,16,33,0
1,0,0,7,2,0,0,0,0,84,0
1,0,1,4,1,20,3,0,17,54,1
1,0,0,2,1,2,0,0,2,85,0
1,0,0,14,2,1,3,1,1,63,1
0,1,0,2,13,0,2,7,0,46,0
1,1,1,10,9,0,2,2,0,69,1
0,1,1,1,27,5,1,1,3,70,1
0,1,1,0,21,2,0,8,2,61,1
1,1,1,2,28,21,1,9,8,7,1
1,0,0,22,0,1,2,0,1,39,1
0,1,0,2,24,2,1,16,1,59,0
0,0,0,0,0,0,0,0,0,22,0
0,0,1,2,0,24,2,0,5,86,1
0,1,1,2,25,29,1,22,25,51,1
1,1,1,0,10,16,0,2,16,69,1
1,0,1,7,1,10,6,0,4,73,1
1,0,1,5,2,6,2,1,1,81,1
1,0,0,14,0,1,12,0,0,3,0
1,1,0,26,0,0,26,0,0,24,1
0,0,0,0,1,1,0,1,0,70,0
1,1,1,15,25,21,12,9,0,51,1
0,1,1,2,6,30,0,2,22,6,0
0,1,0,1,28,1,0,28,1,29,1
0,1,0,0,24,2,0,6,1,23,1
1,0,0,28,0,0,3,0,0,1,0
0,1,1,0,10,10,0,6,3,26,1
1,0,1,29,0,30,9,0,9,49,1
1,0,0,30,2,2,6,1,1,35,1
0,1,1,1,23,29,0,23,4,59,1
0,0,0,2,2,0,0,0,0,22,0
0,0,1,1,2,10,1,2,8,34,0
0,1,1,2,1,30,2,1,12,54,1
0,0,1,1,0,24,0,0,19,26,0
0,0,0,2,2,2,0,0,1,2,0
1,1,1,3,25,1,2,23,0,0,1
1,0,0,8,0,1,7,0,1,43,0
1,0,0,25,1,2,8,0,1,86,0
1,1,0,14,27,1,10,2,1,10,0
0,1,1,0,8,26,0,4,12,50,0
1,1,1,1,11,2,0,1,2,63,0
1,0,0,4,1,2,0,1,1,30,0
1,1,1,25,22,16,6,7,6,59,1
0,1,0,2,17,2,2,15,2,80,0
1,1,0,24,0,2,13,0,0,81,1
0,0,1,1,1,25,0,0,0,44,1
0,0,1,1,1,30,1,1,3,1,1
0,1,0,2,2,2,0,1,0,50,1
1,1,0,4,19,0,3,12,0,79,1
0,0,0,0,2,1,0,0,1,55,0
0,1,0,2,27,0,0,9,0,24,0
0,1,0,1,26,0,1,15,0,37,0
1,1,1,22,7,12,10,0,6,40,1
0,1,0,0,3,2,0,1,1,85,0
1,0,1,25,2,16,23,2,5,58,0
1,0,0,5,0,2,4,0,1,15,0
1,0,0,5,0,2,0,0,0,4,0
1,1,0,7,6,0,2,6,0,7,0
0,0,1,2,0,12,2,0,5,57,0
1,1,1,29,7,7,2,4,1,23,1
1,0,0,3,0,0,3,0,0,45,1
1,0,1,25,0,11,9,0,8,75,1
1,0,0,30,1,0,18,1,0,21,0
0,0,1,2,1,3,0,0,0,68,0
0,1,1,2,11,0,0,8,0,21,1
0,1,0,1,13,0,0,10,0,47,1
0,1,0,2,11,1,1,5,0,52,1
1,0,0,19,1,0,1,1,0,81,0
1,0,0,14,2,1,11,0,1,16,0
1,0,1,9,1,4,3,1,2,46,0
0,1,1,0,10,3,0,3,0,68,1
1,0,0,2,2,1,1,2,0,26,0
0,0,1,2,1,12,1,0,0,55,1
0,1,0,0,8,1,0,4,0,10,1
0,1,1,0,15,6,0,0,4,27,1
0,1,1,1,20,23,0,17,15,86,1
1,1,0,9,16,1,3,2,0,40,1
0,1,0,0,17,1,0,9,0,64,0
1,0,1,20,2,3,16,0,2,37,0
1,0,1,11,0,27,4,0,20,65,1
0,1,1,1,27,18,1,25,8,76,1
0,1,1,1,21,6,0,12,5,8,1
0,0,0,0,1,1,0,1,0,70,0
1,1,1,22,18,6,19,13,1,22,1
1,0,0,22,2,1,21,0,1,82,0
1,1,1,23,8,13,18,0,2,86,1
1,0,1,20,2,10,10,1,6,55,1
1,1,1,10,5,24,4,5,20,34,1
1,1,0,22,18,1,3,1,1,45,1
0,0,0,0,2,2,0,1,0,57,0
0,1,1,1,1,17,1,1,4,77,0
0,0,1,2,1,9,0,1,4,2,0
1,0,1,5,1,22,4,1,15,63,1
1,1,0,24,26,1,17,9,1,66,1
1,1,0,30,20,2,29,13,0,28,0
1,1,1,26,2,26,18,1,17,50,1
1,0,0,30,2,0,11,0,0,43,1
0,0,0,2,2,0,2,1,0,60,0
1,0,0,3,0,2,3,0,2,54,0
1,1,1,16,26,12,5,8,0,18,1
0,1,1,0,20,28,0,7,22,55,1
0,1,0,1,19,1,0,7,0,23,0
0,1,0,1,5,0,1,3,0,69,0
1,1,1,16,11,11,0,4,10,40,1
1,0,0,26,2,1,21,1,1,75,1
0,1,1,2,26,27,1,14,8,25,1
1,0,1,30,2,2,17,1,1,16,1
1,1,0,30,27,2,14,6,1,70,0
1,1,0,3,1,2,0,0,1,5,1
0,0,0,2,2,0,1,0,0,76,1
0,1,1,1,29,8,0,0,2,59,1
0,0,0,0,2,0,0,0,0,17,0
0,1,0,2,15,0,1,15,0,52,0
0,0,0,2,2,2,2,0,2,45,0
0,0,1,1,0,3,0,0,0,15,0
0,0,0,2,0,0,2,0,0,30,0
0,1,1,2,11,9,2,7,9,79,1
0,1,0,1,1,0,1,0,0,87,0
1,0,0,5,1,0,1,0,0,18,1
0,0,0,1,2,0,1,0,0,38,0
1,1,1,27,28,19,4,15,0,67,1
1,1,0,13,3,0,6,3,0,45,1
1,0,0,2,2,0,2,1,0,75,0
1,0,1,29,0,23,15,0,3,28,0
0,1,1,2,10,15,2,3,13,8,0
1,1,1,24,26,8,16,4,4,6,0
1,0,0,15,1,2,5,0,2,72,0
0,0,0,1,0,0,1,0,0,36,1
0,1,1,1,20,30,1,0,24,39,1
1,0,1,1,2,5,1,1,5,27,0
1,0,1,6,0,10,4,0,2,30,1
1,1,1,0,7,8,0,7,3,36,1
1,0,0,18,0,2,18,0,1,70,1
0,1,1,1,16,17,1,8,7,63,1
0,1,0,1,25,1,1,3,1,65,0
0,1,1,0,16,1,0,10,1,67,1
0,0,1,2,2,25,1,1,0,37,1
0,0,1,0,2,28,0,2,27,15,0
1,0,1,5,1,3,4,0,3,29,1
0,1,0,2,0,0,0,0,0,17,0
0,1,1,1,1,26,0,0,20,2,1
0,0,0,0,1,1,0,1,0,42,0
0,0,1,1,1,21,0,0,0,69,0
1,0,0,20,0,1,1,0,1,22,0
0,0,0,2,2,2,2,2,2,66,0
0,0,1,1,2,26,0,1,4,2,1
0,0,1,1,0,10,0,0,8,62,0
0,1,0,1,14,0,0,11,0,69,0
0,0,1,2,1,1,2,1,0,17,1
0,0,1,1,2,14,1,2,14,52,1
0,0,1,0,0,22,0,0,22,58,0
1,1,1,10,24,9,6,0,0,49,1
1,0,0,29,0,2,15,0,0,37,0
1,0,1,20,2,29,2,0,2,65,1
1,0,1,30,2,20,2,1,18,66,1
0,1,1,1,14,11,0,1,5,12,0
1,0,1,18,1,22,10,1,12,44,1
0,1,1,0,8,26,0,2,17,38,1
0,0,1,0,2,25,0,1,21,19,0
0,1,1,1,11,6,0,3,4,70,0
1,0,0,24,2,2,19,0,2,43,1
1,1,0,2,6,1,1,4,0,41,0
1,1,0,30,14,1,18,12,0,61,1
0,1,1,0,11,23,0,5,15,16,1
1,1,1,23,4,2,9,0,2,51,1
0,1,0,0,19,2,0,10,0,11,0
0,1,0,1,17,0,0,8,0,89,0
1,0,0,26,1,0,20,1,0,74,1
0,1,0,1,3,2,0,2,0,26,0
0,1,0,0,25,1,0,20,1,73,0
1,1,0,4,3,0,0,3,0,4,1
0,1,0,2,9,2,1,3,2,62,1
0,1,1,1,4,9,1,0,9,81,0
1,1,0,22,12,2,22,6,1,18,0
1,1,0,23,20,1,5,5,0,65,1
0,1,1,2,16,1,1,15,0,57,1
1,0,0,25,1,1,20,0,1,67,1
1,1,1,10,16,0,10,1,0,4,0
0,0,1,1,0,29,1,0,24,21,1
0,0,1,2,0,0,1,0,0,53,1
1,1,1,2,2,3,0,1,2,89,1
1,1,1,4,10,8,4,5,6,26,0
0,0,1,0,0,21,0,0,21,88,1
1,1,0,11,19,1,6,6,1,62,0
1,0,0,16,0,0,5,0,0,54,0
1,1,0,17,21,0,2,14,0,27,1
0,0,0,0,1,2,0,1,2,50,0
1,1,0,28,30,2,4,3,1,62,0
1,0,0,15,2,2,8,0,2,54,0
0,0,1,2,2,15,0,1,14,87,0
0,1,0,1,9,2,1,6,1,85,0
0,0,1,0,2,10,0,0,6,40,0
0,1,0,0,10,2,0,3,2,73,0
1,0,0,24,1,2,0,0,2,79,1
1,0,1,14,1,17,13,1,10,5,1
1,1,0,27,17,0,19,3,0,78,0
0,1,0,1,5,1,1,0,0,5,1
1,0,0,16,2,0,4,2,0,64,0
0,0,0,2,0,2,0,0,0,12,0
1,0,0,7,2,2,7,0,2,66,0
0,0,1,1,2,24,1,2,18,48,0
0,1,0,2,30,0,0,24,0,37,1
0,0,1,1,1,30,1,0,26,71,0
0,0,0,1,2,1,0,0,1,58,0
0,0,0,1,2,1,0,2,1,87,0
1,1,0,4,4,0,3,0,0,1,1
0,1,0,2,13,1,2,0,0,39,1
0,1,1,1,30,23,0,6,10,43,1
0,0,0,1,2,2,0,0,2,4,0
0,0,1,1,2,4,0,2,3,21,0
0,1,1,0,12,23,0,2,17,80,1
1,0,0,22,0,2,7,0,2,77,0
0,0,1,2,0,13,1,0,1,85,0
0,0,1,1,0,16,1,0,13,63,0
1,1,0,28,12,1,20,2,0,86,1
0,1,1,2,21,4,2,17,1,7,0
1,1,1,0,24,11,0,15,2,4,1
1,0,0,23,1,0,3,1,0,2,0
1,1,0,23,2,2,14,0,2,76,1
1,1,1,22,25,19,17,4,19,59,1
1,1,1,12,1,14,5,1,14,45,1
1,1,0,5,11,0,2,8,0,46,1
0,1,0,2,29,0,1,0,0,22,0
0,1,1,0,23,12,0,9,3,53,0
0,0,0,0,1,2,0,1,1,5,0
0,1,1,1,2,18,1,1,8,72,1
0,0,1,2,2,9,2,2,9,39,0
0,0,1,1,0,26,0,0,10,70,0
1,0,0,0,0,1,0,0,0,18,0
1,1,1,28,15,20,14,0,4,3,1
0,1,1,1,20,18,0,13,3,72,1
1,0,1,20,1,3,18,1,3,78,1
1,1,0,5,7,0,4,3,0,33,0
0,1,0,2,9,0,0,4,0,6,0
1,1,0,1,18,0,1,14,0,80,0
1,1,0,25,22,2,25,16,1,33,1
1,0,1,17,2,27,2,2,26,76,1
1,0,0,15,0,1,5,0,0,68,0
0,1,0,2,25,0,0,15,0,55,0
1,1,0,6,15,1,5,10,0,10,1
0,0,1,2,2,30,0,2,7,51,0
0,1,0,1,18,2,1,0,0,17,1
1,1,1,25,5,4,2,2,2,67,1
0,1,1,0,15,11,0,13,1,1,0
0,0,0,1,1,1,1,1,1,29,0
1,0,0,26,2,0,16,0,0,22,1
0,1,0,2,27,2,1,23,0,45,0
0,1,0,1,24,1,0,9,1,33,0
1,1,1,9,24,25,4,23,10,58,1
1,1,0,14,17,2,13,12,0,34,1
0,1,0,2,17,1,0,10,0,46,1
1,1,1,20,19,15,18,5,9,21,1
1,1,0,22,7,2,9,6,2,46,0
1,1,1,14,3,9,4,2,2,19,1
1,0,0,20,0,2,11,0,1,34,1
0,0,1,0,1,20,0,0,6,72,0
0,1,1,0,9,27,0,1,1,31,1
1,1,0,20,8,2,13,4,1,58,1
0,1,0,1,4,2,1,4,1,79,0
1,1,1,11,10,9,8,6,4,9,1
0,0,1,0,0,17,0,0,12,51,0
0,1,0,2,6,2,2,2,1,5,0
0,0,1,0,1,8,0,1,3,60,0
0,0,1,1,0,23,0,0,4,15,0
1,0,1,22,0,3,8,0,0,71,1
0,1,1,2,28,15,2,4,10,56,1
1,0,1,19,2,13,6,0,2,12,1
1,1,0,4,17,1,1,14,1,43,1
1,1,0,11,13,1,5,3,1,84,0
1,0,1,8,2,10,6,0,6,80,0
0,1,1,1,17,21,1,14,13,13,1
1,0,0,29,0,2,12,0,0,52,0
1,0,0,20,2,0,15,2,0,34,1
1,0,1,20,2,1,2,2,1,5,1
1,0,0,16,0,1,5,0,1,64,0
1,1,1,1,17,28,1,12,8,74,1
1,1,0,8,4,0,8,0,0,47,1
1,1,1,28,13,8,5,3,7,52,1
0,0,0,1,0,1,0,0,0,34,0
1,0,0,19,0,1,0,0,0,76,0
1,0,0,7,0,2,2,0,2,78,0
1,1,1,6,8,3,3,2,0,73,1
0,1,0,1,12,1,0,8,1,28,1
0,1,1,2,16,9,0,3,8,32,1
0,0,0,1,1,0,1,0,0,89,0
0,1,1,1,20,20,0,8,13,77,1
0,1,0,2,28,2,0,1,2,36,0
0,0,0,2,1,2,1,0,2,78,0
1,0,1,28,1,7,11,0,3,40,1
0,1,1,2,9,16,0,0,8,86,1
1,0,0,1,2,2,0,2,2,13,0
0,1,0,0,9,2,0,4,1,83,0
0,0,1,0,2,30,0,0,25,64,0
0,1,0,1,24,1,1,16,0,85,0
0,1,0,2,17,1,0,3,0,44,0
0,1,0,1,4,0,0,1,0,76,1
1,0,1,17,0,0,9,0,0,20,1
1,1,0,27,10,0,16,2,0,77,0
0,0,1,1,2,19,1,0,11,89,0
1,1,1,17,8,1,16,4,0,9,1
0,0,0,2,0,1,1,0,1,40,0
1,1,1,30,0,7,11,0,5,76,0
0,1,0,2,15,0,2,8,0,29,0
1,1,1,6,14,19,0,0,10,19,1
1,1,1,18,8,24,7,2,1,48,1
1,1,0,10,18,0,7,1,0,15,1
0,0,1,2,2,15,1,2,9,44,0
0,1,0,2,11,2,1,5,1,56,1
0,0,0,1,2,0,1,0,0,69,0
0,1,0,1,14,2,1,3,0,2,0
1,1,0,27,11,2,21,10,1,51,1
0,0,1,0,1,29,0,1,17,5,1
1,0,1,19,1,0,9,0,0,8,1
1,1,1,23,10,0,10,10,0,34,0
0,1,1,0,21,26,0,17,20,28,1
0,0,1,0,2,18,0,1,18,6,0
1,1,0,23,8,1,18,2,0,58,1
0,0,0,0,2,0,0,1,0,87,0
1,0,0,19,1,1,1,0,1,60,0
0,1,0,2,29,1,1,20,1,11,0
1,1,1,20,15,25,3,3,12,66,1
1,0,1,20,1,0,6,0,0,14,1
0,0,1,0,2,13,0,0,10,86,1
1,1,0,29,10,1,21,4,0,66,1
0,1,0,1,15,2,1,8,0,76,0
1,0,0,0,0,1,0,0,0,18,1
0,0,1,0,1,2,0,0,2,32,0
0,0,0,0,0,1,0,0,0,60,0
1,0,0,20,1,2,4,1,2,52,0
1,0,0,16,1,0,4,1,0,18,0
0,1,0,0,25,2,0,17,0,59,1
0,0,0,1,1,2,1,1,1,44,0
1,1,1,28,28,20,24,11,18,32,1
0,0,1,2,1,26,0,1,24,53,0
0,0,1,0,1,29,0,1,11,56,0
0,1,1,1,7,24,0,5,7,85,1
1,0,1,18,0,21,13,0,14,86,1
1,1,1,9,17,22,3,12,9,10,1
1,0,0,17,0,2,17,0,0,29,0
0,0,0,2,2,1,2,2,1,60,0
0,0,0,2,2,0,0,2,0,7,0
1,1,0,2,29,0,1,2,0,76,0
0,1,1,2,9,16,0,2,13,1,0
1,1,1,28,15,30,6,11,13,59,1
1,1,0,4,8,0,1,2,0,73,1
0,1,1,1,10,10,0,10,2,85,1
1,1,0,22,2,1,6,0,0,75,0
0,1,0,1,15,2,1,14,0,71,0
1,0,1,1,1,8,0,0,7,68,1
1,1,1,24,21,27,20,10,3,56,1
1,0,1,27,1,13,24,1,8,29,1
0,0,0,2,2,2,1,1,1,11,0
0,0,0,0,1,1,0,0,1,39,0
1,0,1,9,0,27,2,0,4,34,1
0,1,1,2,6,20,0,1,5,15,1
0,1,0,0,5,0,0,3,0,11,0
1,0,0,11,2,0,1,2,0,47,0
1,0,1,13,2,7,9,2,7,49,0
0,0,1,2,1,1,0,1,0,16,1
1,0,1,18,0,22,12,0,15,8,1
1,0,0,19,1,2,5,1,0,35,1
1,0,1,19,0,0,16,0,0,75,1
0,1,0,0,8,1,0,3,0,44,1
1,1,0,8,5,2,2,0,0,62,1
1,1,0,25,27,1,5,18,1,30,0
0,0,0,2,0,2,1,0,2,59,0
0,1,0,0,21,1,0,12,1,89,1
0,0,0,1,1,2,0,1,0,5,0
0,0,1,0,1,8,0,0,8,15,0
1,0,0,1,2,1,1,0,1,21,1
1,1,1,23,4,16,21,3,14,0,1
0,0,0,2,1,0,1,1,0,58,1
0,1,1,2,13,8,2,10,5,50,1
1,1,1,29,1,27,1,1,7,16,1
1,1,1,2,24,15,1,16,10,9,1
0,1,0,0,9,1,0,2,1,17,0
1,1,0,21,19,2,2,6,2,21,1
1,1,1,25,30,7,6,14,7,50,1
1,1,1,15,28,3,6,9,2,20,0
0,1,1,1,21,22,1,18,9,17,0
1,1,0,8,8,2,6,6,2,30,1
0,0,0,1,0,1,1,0,1,54,0
1,0,1,9,1,0,5,0,0,17,1
0,0,1,0,0,23,0,0,0,48,0
0,0,1,0,0,13,0,0,0,42,0
0,1,0,0,19,2,0,15,0,12,0
0,0,0,0,2,2,0,1,2,9,0
1,1,0,0,10,2,0,7,1,57,1
1,0,1,2,1,6,2,0,2,83,1
1,0,0,23,0,0,13,0,0,53,0
1,0,0,3,1,2,0,0,2,73,0
0,0,1,2,2,5,1,0,5,1,1
0,1,1,1,29,16,1,21,6,59,1
0,1,1,2,2,0,2,0,0,88,1
1,0,1,30,2,29,23,2,9,22,1
1,0,0,21,2,2,18,1,1,29,0
0,1,1,2,16,7,0,8,7,36,1
0,1,0,0,19,0,0,8,0,87,1
0,0,1,0,2,29,0,1,13,84,0
0,1,1,0,13,12,0,5,6,33,0
1,1,0,22,23,1,15,16,1,14,1
1,0,0,19,2,2,1,0,0,62,1
0,0,0,1,1,1,1,1,1,86,0
0,1,0,2,26,1,0,7,1,79,0
1,0,0,9,0,0,1,0,0,80,1
0,1,0,1,11,1,0,7,1,7,0
1,0,0,22,0,0,21,0,0,87,0
1,1,0,21,13,1,0,11,1,2,1
1,0,0,13,1,1,10,0,1,8,0
1,1,1,9,30,22,6,3,14,77,1
1,0,1,19,1,7,0,0,3,61,1
1,1,1,9,8,7,8,4,6,2,1
0,0,1,2,0,13,2,0,9,53,0
0,1,1,2,24,2,2,12,2,26,1
1,1,1,0,16,1,0,6,1,45,1
0,1,0,2,24,2,2,21,1,67,1
0,0,0,2,0,0,1,0,0,18,0
0,0,1,2,0,25,1,0,2,12,1
0,0,1,0,0,13,0,0,8,76,0
1,0,0,29,0,1,27,0,0,55,0
1,1,1,2,4,28,0,2,7,82,1
0,0,0,2,2,1,2,2,0,26,0
1,0,1,16,0,13,2,0,8,36,0
1,0,1,5,0,22,3,0,0,59,1
0,0,0,0,2,1,0,1,1,48,0
0,1,1,1,8,1,0,5,1,82,1
0,0,1,1,0,7,0,0,0,20,0
1,0,1,2,2,30,1,0,26,34,1
1,0,1,29,2,29,1,0,3,7,1
1,1,0,9,25,0,0,24,0,74,1
0,0,0,1,2,1,0,0,1,44,0
0,1,0,1,22,0,1,15,0,58,0
0,1,0,2,23,0,2,11,0,75,0
1,0,0,13,1,0,10,1,0,89,0
0,0,1,1,0,9,0,0,4,44,1
1,0,1,18,1,1,17,0,1,4,0
0,1,0,2,4,1,2,2,0,54,1
1,0,1,7,1,4,2,0,3,15,1
1,1,0,24,24,0,20,1,0,54,0
1,1,0,8,12,1,8,3,1,89,1
0,0,0,1,1,2,1,1,2,47,0
1,0,1,3,0,16,1,0,2,17,1
0,0,0,0,1,1,0,0,0,66,1
0,1,0,0,25,0,0,5,0,2,0
0,1,1,2,27,18,2,27,7,48,0
1,0,0,0,0,0,0,0,0,63,0
1,0,1,15,1,13,5,1,0,12,0
1,1,0,23,16,2,14,15,1,80,1
1,0,1,25,2,22,2,1,9,36,1
0,1,0,0,11,2,0,6,2,4,0
0,0,0,0,1,1,0,0,1,59,0
0,0,1,2,2,11,0,1,0,30,0
1,0,0,22,2,0,6,1,0,79,1
0,0,1,1,1,9,0,1,3,8,1
1,0,0,22,0,2,7,0,0,68,1
1,1,1,4,11,7,2,2,5,72,1
1,1,0,29,8,2,1,1,2,17,0
1,1,0,21,26,1,14,25,1,70,1
0,0,0,1,2,1,0,2,1,26,0
1,1,1,21,4,29,1,1,3,66,1
0,0,0,2,2,0,0,0,0,47,0
0,1,0,2,27,2,0,17,1,23,1
1,1,0,12,12,1,5,5,0,63,1
1,0,1,9,1,17,8,1,5,57,1
0,1,0,0,21,1,0,21,1,66,0
1,1,0,17,17,1,11,15,1,56,1
1,1,0,9,16,0,6,1,0,52,0
0,0,1,0,0,28,0,0,27,10,0
1,0,0,10,0,2,5,0,2,0,0
0,0,0,2,0,0,1,0,0,86,0
1,0,0,3,0,2,2,0,0,0,0
0,1,0,2,17,0,0,8,0,54,0
1,0,1,27,0,30,4,0,2,81,1
0,0,1,1,1,0,1,0,0,86,0
1,0,0,6,0,2,1,0,0,30,0
0,0,1,1,1,7,1,1,2,39,0
0,1,1,1,27,23,0,3,14,62,1
0,0,0,0,0,1,0,0,1,7,0
0,0,0,1,0,2,1,0,2,78,0
1,0,0,21,2,2,20,2,1,88,0
1,1,1,15,29,15,10,27,3,35,1
0,1,0,2,1,2,0,1,1,49,1
1,1,1,17,17,22,4,5,14,49,1
0,0,1,0,2,2,0,1,0,21,0
1,1,1,3,25,4,0,0,2,10,1
1,0,1,27,0,5,25,0,4,40,1
0,0,1,1,0,11,1,0,8,21,0
0,1,0,1,3,1,1,1,0,33,0
0,0,1,1,1,11,1,1,3,32,0
0,1,1,0,27,13,0,16,11,63,1
0,0,0,2,0,1,0,0,1,82,0
1,1,0,22,20,2,14,7,0,63,1
0,0,1,1,2,16,1,2,7,42,0
0,0,1,1,2,9,0,1,5,49,0
0,1,1,2,8,16,2,0,10,59,1
1,1,0,28,14,1,16,0,1,43,1
0,1,0,1,12,1,0,1,0,58,0
0,1,1,2,3,2,2,0,1,5,1
1,0,1,11,0,2,1,0,0,19,1
0,1,0,1,20,0,1,2,0,34,0
0,1,1,1,18,29,0,1,29,54,1
1,1,1,6,11,2,3,2,0,9,1
1,0,0,27,1,2,0,1,1,40,0
1,1,1,12,22,4,0,16,2,48,1
0,0,0,2,2,2,2,0,0,41,0
0,0,1,0,0,7,0,0,0,77,1
1,0,1,14,1,14,6,0,6,74,0
1,1,1,10,13,18,9,0,17,50,1
1,0,1,10,2,5,5,1,1,3,1
1,1,1,3,14,24,2,14,20,3,1
1,1,1,7,9,30,3,6,13,2,1
1,0,1,7,1,3,4,1,3,35,1
0,0,1,1,0,12,0,0,7,3,1
1,1,1,12,16,23,1,15,7,47,1
0,1,1,1,18,19,1,2,11,88,0
1,1,0,15,14,2,12,5,0,50,0
1,0,0,24,0,2,15,0,2,60,0
0,1,1,1,14,12,1,1,12,76,0
1,0,1,12,2,19,10,2,0,23,1
0,1,1,2,22,20,2,1,3,81,1
1,1,0,22,1,1,7,1,0,84,1
1,1,1,29,25,22,13,2,17,14,1
0,1,0,1,24,2,0,18,0,54,1
0,1,0,2,0,2,0,0,1,80,0
0,1,0,2,3,0,0,1,0,36,0
1,1,1,13,21,9,2,16,3,60,1
1,1,1,8,22,22,8,21,20,10,1
0,0,0,1,1,0,1,1,0,22,1
1,0,0,28,2,2,9,2,0,35,1
0,0,0,0,1,0,0,1,0,66,0
1,1,0,27,30,0,6,13,0,6,0
1,1,0,20,21,0,8,6,0,30,1
1,0,1,18,0,14,15,0,0,75,1
0,1,1,2,2,24,2,0,24,35,0
0,1,0,0,7,1,0,4,1,1,1
0,0,1,2,0,24,1,0,7,3,0
0,1,0,1,0,0,1,0,0,51,0
0,1,1,1,19,17,0,7,13,68,0
1,0,0,0,0,1,0,0,0,26,0
0,0,0,1,0,2,0,0,1,79,0
1,0,0,13,0,2,0,0,1,80,1
0,0,0,2,0,2,1,0,2,38,0
0,0,1,0,1,8,0,0,1,31,0
0,0,0,0,0,0,0,0,0,9,0
0,0,0,0,0,1,0,0,0,38,1
0,1,1,1,0,13,1,0,12,57,1
1,1,1,5,17,29,4,3,9,44,1
1,0,0,26,1,0,3,1,0,61,0
0,0,0,1,0,1,1,0,0,54,0
0,0,1,1,2,30,1,2,18,63,1
1,1,0,17,1,2,13,1,2,2,1
1,0,0,10,1,2,5,0,0,32,0
1,0,1,7,0,13,2,0,11,32,1
1,1,1,15,13,12,9,3,7,40,1
1,1,1,30,30,26,17,10,24,18,1
1,0,0,28,1,0,24,0,0,8,0
1,1,0,0,24,2,0,0,2,58,1
0,0,0,0,2,1,0,0,1,54,0
0,1,1,2,22,27,1,14,23,62,1
1,0,1,30,1,10,12,0,3,70,0
0,0,1,2,1,18,0,1,2,29,0
1,1,0,19,8,2,2,8,1,13,1
1,1,1,5,0,2,1,0,2,10,1
0,0,0,0,0,0,0,0,0,52,0
1,0,0,22,1,1,5,1,1,0,0
1,0,0,4,0,0,2,0,0,81,0
0,0,1,1,2,6,0,2,5,12,0
1,1,1,0,21,1,0,19,0,30,1
1,0,1,0,2,11,0,0,5,70,1
1,1,0,5,3,2,3,2,0,6,1
1,1,1,12,15,6,11,13,1,49,1
1,0,0,30,1,2,25,1,1,3,1
1,0,0,28,0,0,21,0,0,44,0
1,0,0,15,1,1,3,0,0,85,1
1,1,1,12,1,28,1,0,7,63,1
1,1,1,18,29,6,1,11,2,22,1
0,1,1,0,16,3,0,16,0,12,0
1,0,0,6,0,1,1,0,1,56,1
1,1,1,3,28,10,0,18,8,21,1
1,0,1,25,0,25,14,0,3,6,0
0,0,0,0,2,1,0,2,1,62,0
1,0,0,21,2,2,5,2,0,27,0
0,0,0,0,1,0,0,0,0,66,0
0,0,1,2,0,3,2,0,2,21,1
0,0,0,1,1,0,0,0,0,63,0
1,0,0,18,0,2,16,0,2,83,0
1,1,0,0,29,1,0,8,1,54,1
0,1,1,0,10,13,0,6,3,14,0
1,1,0,11,9,1,11,1,1,58,1
0,1,0,2,3,0,1,2,0,56,0
1,1,1,26,12,0,23,2,0,54,1
1,0,0,13,1,2,10,0,1,57,1
1,0,1,15,1,12,5,1,7,3,0
1,0,0,13,1,2,10,0,0,58,0
0,1,1,2,15,9,2,3,0,63,0
1,0,0,28,1,1,12,1,1,17,0
0,1,1,1,30,12,0,20,8,73,0
0,0,1,2,2,13,0,0,11,48,0
1,0,0,15,1,1,10,0,1,33,0
0,1,1,1,28,14,1,15,13,63,0
1,1,1,13,30,4,12,4,0,7,1
0,1,0,0,18,2,0,17,1,14,0
1,0,1,13,2,18,4,1,8,76,1
1,1,0,15,17,1,15,1,1,5,1
1,1,0,13,29,2,0,22,0,64,1
0,0,1,1,2,8,1,0,8,71,0
0,1,1,2,26,3,2,17,2,19,0
0,1,0,1,3,0,0,3,0,58,0
0,1,0,2,4,1,1,4,1,4,0
1,0,1,27,2,4,19,0,2,84,1
0,0,1,2,0,12,0,0,7,15,0
0,0,0,2,1,0,1,1,0,30,0
0,0,0,0,1,1,0,1,1,2,0
0,0,1,0,2,14,0,0,9,36,1
1,0,0,21,2,2,13,0,2,66,1
0,1,1,1,15,3,0,9,1,62,1
0,0,1,1,1,0,1,1,0,65,0
1,0,0,7,1,1,7,1,1,75,0
1,1,0,7,26,1,5,18,0,8,0
0,1,0,0,20,1,0,4,1,79,1
1,0,0,15,1,2,7,0,1,52,1
0,1,0,1,16,2,1,12,0,37,0
1,0,1,12,1,28,9,0,20,38,1
0,0,0,2,1,0,1,0,0,16,0
1,0,1,6,1,0,4,0,0,2,0
0,1,1,2,30,26,0,10,4,80,1
0,0,1,1,0,18,0,0,7,46,0
0,1,0,2,26,0,0,21,0,24,0
0,1,1,0,0,17,0,0,10,19,1
1,1,0,20,19,0,3,8,0,85,0
1,1,0,23,19,2,11,6,1,40,0
0,0,1,0,2,0,0,0,0,49,1
1,0,1,14,1,0,14,1,0,29,0
1,1,1,28,5,27,9,1,27,67,1
1,1,1,5,26,28,3,6,9,7,1
1,0,1,13,0,15,10,0,11,70,0
1,1,0,11,0,0,7,0,0,13,1
1,0,1,24,1,0,5,0,0,1,1
0,0,1,2,0,0,2,0,0,18,0
1,0,1,25,1,21,22,1,3,15,1
1,1,0,10,14,2,1,4,1,55,1
1,0,1,21,2,17,17,0,13,76,1
0,0,0,1,0,1,0,0,0,28,0
0,0,1,2,1,9,2,0,2,64,1
1,0,1,4,2,18,4,1,14,78,0
1,0,0,15,2,1,12,2,0,20,1
1,0,1,4,1,19,2,1,9,55,1
1,0,1,17,2,17,7,1,14,67,0
0,0,0,2,1,0,1,0,0,4,1
1,0,0,12,0,1,12,0,1,81,0
1,0,1,4,1,15,2,0,14,74,1
0,1,1,0,24,11,0,4,11,69,1
1,0,0,6,1,2,6,0,1,13,1
1,1,0,6,27,0,2,16,0,20,1
0,1,0,1,2,1,1,1,1,23,1
1,1,0,23,16,2,7,4,0,77,1
1,0,1,8,1,10,0,1,5,62,0
1,1,1,15,19,24,4,2,4,34,1
0,0,0,2,0,0,2,0,0,63,0
1,1,1,22,2,17,0,1,15,9,1
0,0,1,0,2,25,0,0,4,6,1
1,0,1,14,1,19,14,0,2,63,1
0,0,0,1,0,0,0,0,0,47,0
1,0,0,9,2,0,5,0,0,75,0
0,0,0,2,2,0,0,0,0,22,0
1,1,1,5,3,6,2,3,2,78,0
1,1,1,2,27,18,2,2,17,10,1
0,1,0,2,6,1,0,4,1,12,0
0,1,1,0,20,0,0,6,0,44,0
0,1,0,1,3,0,0,3,0,39,0
1,0,1,13,1,10,12,0,0,59,1
1,0,0,25,2,1,13,1,0,47,1
0,0,0,0,1,2,0,0,2,40,0
0,0,0,2,2,2,1,2,2,18,1
0,0,1,1,1,23,1,1,23,6,1
0,1,1,0,16,15,0,4,8,30,1
1,0,1,28,1,29,15,1,29,39,1
1,0,1,21,1,10,15,1,6,62,1
1,0,1,29,0,20,22,0,3,31,1
1,0,0,18,1,1,0,1,1,69,0
1,0,0,20,0,1,7,0,1,28,1
0,0,1,0,2,22,0,0,3,46,0
0,1,1,1,18,28,0,9,22,3,1
0,1,1,1,27,12,1,12,2,25,0
0,1,0,0,0,1,0,0,1,29,0
0,0,0,0,1,2,0,0,0,14,0
1,1,1,0,24,26,0,16,22,0,1
1,1,0,16,23,0,11,12,0,39,0
1,0,0,7,0,1,0,0,1,32,0
0,0,1,1,2,1,1,2,1,63,0
1,0,1,3,2,13,1,1,12,84,1
1,1,0,20,4,1,5,3,0,0,1
0,0,1,0,1,29,0,1,25,2,0
0,0,1,1,2,24,1,0,13,53,1
0,1,1,0,18,13,0,17,6,66,1
0,0,0,2,2,1,1,0,1,24,0
0,0,0,1,0,2,0,0,0,32,0
0,0,0,1,1,0,0,1,0,69,0
0,0,0,2,2,2,0,2,1,16,0
1,1,1,4,6,20,4,1,0,63,0
1,1,0,8,11,2,0,3,0,89,0
1,1,1,28,29,16,2,26,7,1,1
1,1,1,24,20,21,6,18,10,50,0
0,0,1,0,0,20,0,0,7,20,0
0,1,1,0,22,2,0,2,0,37,1
1,1,0,11,26,1,2,12,0,56,0
1,0,1,17,0,10,5,0,8,13,0
0,1,1,1,9,30,0,1,0,19,1
0,0,0,1,2,1,1,0,1,65,0
0,1,1,0,22,15,0,21,5,68,1
0,0,1,1,1,17,0,1,16,59,0
0,1,0,0,6,0,0,2,0,74,0
1,0,1,9,2,3,6,1,1,31,0
0,0,1,0,0,2,0,0,1,13,1
1,1,0,22,9,1,14,4,0,51,0
1,0,1,2,0,15,1,0,15,9,1
0,1,0,0,4,2,0,2,2,85,0
1,0,0,16,0,0,14,0,0,32,1
0,0,0,1,0,0,0,0,0,4,0
0,0,0,2,0,2,1,0,1,87,0
0,1,1,1,10,30,0,10,26,34,1
1,0,1,2,2,21,0,0,3,13,0
0,0,1,2,1,30,2,1,9,21,0
0,1,0,2,29,2,0,7,1,50,0
1,0,1,2,1,12,2,0,10,57,1
0,0,1,1,0,17,0,0,2,9,0
1,1,0,5,27,2,0,23,1,3,1
1,1,1,21,26,15,9,6,5,45,1
0,1,1,0,11,21,0,2,11,42,1
1,0,1,23,0,3,5,0,2,53,0
0,1,0,2,20,1,0,6,0,74,1
1,0,1,23,2,0,6,2,0,72,0
0,0,0,0,1,1,0,0,0,88,0
1,0,1,0,1,0,0,0,0,2,0
1,0,0,2,2,2,1,0,2,4,0
1,1,1,30,25,11,19,20,11,55,1
0,0,0,1,1,1,0,0,1,87,1
1,0,1,25,0,18,20,0,4,72,1
0,1,1,2,7,19,2,7,9,32,1
0,0,0,0,0,2,0,0,2,77,0
0,0,0,1,2,2,0,2,1,47,0
0,0,1,1,0,10,0,0,7,53,1
0,1,1,0,28,24,0,12,12,29,0
0,1,0,0,20,1,0,20,1,73,1
1,0,1,1,0,8,1,0,0,38,0
1,1,0,11,9,1,3,7,1,80,0
0,0,0,0,1,2,0,0,2,72,0
1,0,1,10,1,5,10,1,0,24,1
1,1,0,28,14,1,22,4,0,76,1
0,0,0,1,1,0,0,0,0,14,0
1,1,0,20,16,2,15,0,1,63,0
0,1,0,0,6,1,0,6,1,30,0
1,0,1,29,2,18,11,0,11,52,1
0,1,1,1,10,18,0,3,5,48,1
1,1,0,4,5,1,4,0,1,89,0
0,0,1,1,0,11,1,0,5,49,0
0,0,0,0,2,0,0,1,0,4,0
1,1,0,8,3,2,1,1,0,31,1
1,1,1,5,4,10,4,4,3,12,1
0,0,1,2,1,21,1,0,1,70,0
0,0,1,2,0,24,0,0,1,5,0
0,1,0,2,19,2,1,18,0,6,0
0,0,0,2,0,1,0,0,1,59,0
0,1,1,1,18,28,0,8,18,77,1
1,1,1,29,23,10,14,14,1,18,1
1,1,0,6,28,2,1,5,1,72,1
0,1,1,0,25,4,0,9,4,42,1
0,1,1,2,22,1,2,7,0,54,0
0,1,0,1,25,2,0,12,0,58,0
0,0,1,2,1,28,0,1,21,79,0
1,1,0,18,20,1,8,12,0,28,1
0,1,1,2,12,7,1,8,0,86,1
1,1,1,23,16,25,3,7,3,68,1
0,1,0,0,29,2,0,16,0,85,1
0,1,1,2,28,9,1,10,8,51,1
1,1,1,2,21,30,1,9,26,29,1
1,0,0,3,1,2,1,1,1,72,0
0,1,0,1,18,1,0,17,1,15,0
0,0,0,0,2,0,0,0,0,40,0
1,0,0,13,0,0,12,0,0,62,1
1,0,1,20,1,20,16,1,18,66,0
0,1,1,1,3,20,0,3,19,38,1
1,0,1,23,1,3,20,0,2,37,1
0,1,0,2,7,2,1,1,0,77,1
0,1,1,1,4,0,0,4,0,18,1
1,1,0,11,19,2,10,14,0,46,1
1,1,0,10,5,2,10,5,1,36,0
1,1,1,1,6,24,0,6,4,79,1
0,1,1,1,21,4,1,15,4,57,1
0,0,0,2,0,1,0,0,0,22,0
0,0,0,0,1,2,0,0,2,86,1
1,1,0,28,15,2,9,2,1,61,1
0,0,1,0,2,24,0,0,8,27,0
1,0,0,21,0,0,11,0,0,34,0
0,1,0,1,22,2,1,21,2,51,0
1,1,0,11,1,2,5,1,2,14,0
1,0,0,30,0,1,6,0,1,86,0
0,1,0,1,1,2,0,1,2,78,0
1,1,1,20,6,28,9,3,24,87,1
1,1,0,20,18,0,2,12,0,36,0
0,0,1,0,2,0,0,0,0,19,0
0,1,1,1,0,6,0,0,1,30,1
0,0,0,1,1,0,1,1,0,19,0
0,1,0,2,2,0,1,0,0,65,0
1,1,0,9,0,0,8,0,0,34,1
1,0,1,16,0,14,5,0,5,53,1
1,0,0,16,0,2,10,0,2,24,1
1,1,0,29,28,1,27,9,1,78,1
0,1,1,0,19,2,0,4,2,29,1
0,1,1,0,10,20,0,0,16,83,1
0,1,0,2,16,1,1,16,1,18,0
0,1,1,1,19,12,1,10,7,51,1
1,0,1,18,2,23,4,0,6,2,0
1,1,1,29,10,19,0,9,3,74,1
0,0,0,1,2,1,0,0,0,46,0
0,1,0,0,0,1,0,0,0,8,0
0,1,0,1,13,0,1,5,0,20,0
1,1,0,30,13,2,5,2,1,41,1
1,1,0,20,24,2,2,8,2,0,1
1,1,0,0,1,0,0,0,0,34,0
1,0,0,25,1,0,8,0,0,77,0
1,1,1,0,26,13,0,1,1,67,1
0,0,0,1,0,1,1,0,1,56,0
1,0,1,10,0,13,0,0,6,2,1
0,0,0,2,1,2,2,1,1,21,0
0,0,0,1,0,0,0,0,0,45,0
1,1,1,23,17,20,15,6,3,59,1
0,0,0,2,2,2,1,2,0,34,0
1,0,0,25,1,1,13,0,1,35,0
0,1,1,0,11,2,0,6,0,74,1
0,0,1,0,0,23,0,0,2,40,0
1,1,1,24,28,25,10,26,3,4,1
1,0,0,2,0,1,1,0,0,76,0
0,0,0,2,0,2,0,0,0,50,0
0,1,0,1,5,2,0,1,0,33,0
0,0,0,2,1,0,2,1,0,67,1
0,1,0,2,24,2,2,13,1,38,0
0,1,0,1,1,0,0,0,0,46,0
0,1,0,0,13,0,0,4,0,36,0
1,0,1,25,0,7,7,0,5,55,0
0,1,0,0,5,0,0,2,0,15,0
0,1,0,2,8,0,2,4,0,39,0
1,0,0,20,2,1,11,1,1,51,0
1,1,1,19,3,19,8,3,0,47,1
1,0,0,18,1,1,0,1,0,40,0
0,1,1,1,14,1,1,6,0,38,0
